Fieldnumber,Plot,fam,spsab,rootdiamscore,actdiest,pH,Clay,Silt,C,Ntotal,ResinP
1,1,Cyperaceae,caph,1,8.357,4.82,55.992,32.175,7.45,3620.1,2
1,1,Cyperaceae,caso,1,6.383,4.82,55.992,32.175,7.45,3620.1,2
1,1,Convolvulaceae,dise,1,33.380,4.82,55.992,32.175,7.45,3620.1,2
1,1,Oxalidaceae,oxer,1,5.809,4.82,55.992,32.175,7.45,3620.1,2
1,1,Poaceae,pist,1,8.205,4.82,55.992,32.175,7.45,3620.1,2
1,1,Asteraceae,sose,1,15.883,4.82,55.992,32.175,7.45,3620.1,2
1,2,Cyperaceae,caph,1,9.279,4.66,52.027,36.940,6.63,3591.3,2
1,2,Convolvulaceae,dise,1,13.303,4.66,52.027,36.940,6.63,3591.3,2
1,2,Cyperaceae,kyva,1,23.686,4.66,52.027,36.940,6.63,3591.3,2
1,2,Oxalidaceae,oxer,1,7.447,4.66,52.027,36.940,6.63,3591.3,2
1,2,Poaceae,pist,1,10.105,4.66,52.027,36.940,6.63,3591.3,2
1,3,Cyperaceae,caph,1,8.681,4.72,55.107,32.387,8.79,3743.5,4
1,3,Cyperaceae,cyp5,1,17.416,4.72,55.107,32.387,8.79,3743.5,4
1,3,Convolvulaceae,dise,1,15.747,4.72,55.107,32.387,8.79,3743.5,4
1,3,Oxalidaceae,oxer,1,7.008,4.72,55.107,32.387,8.79,3743.5,4
1,3,Poaceae,pist,1,11.355,4.72,55.107,32.387,8.79,3743.5,4
1,3,Asteraceae,sose,1,18.468,4.72,55.107,32.387,8.79,3743.5,4
1,4,Cyperaceae,caph,1,9.839,5.17,32.346,26.259,4.84,2230.6,0.5
1,4,Convolvulaceae,dise,1,12.843,5.17,32.346,26.259,4.84,2230.6,0.5
1,4,Oxalidaceae,oxer,1,7.649,5.17,32.346,26.259,4.84,2230.6,0.5
1,4,Poaceae,pist,1,9.888,5.17,32.346,26.259,4.84,2230.6,0.5
2,1,Cyperaceae,buju,1,3.111,6.11,36.326,26.552,5.8,1814.5,2.4
2,1,Cyperaceae,caph,1,4.246,6.11,36.326,26.552,5.8,1814.5,2.4
2,1,Asteraceae,chsa,1,0.000,6.11,36.326,26.552,5.8,1814.5,2.4
2,1,Convolvulaceae,evse,1,2.562,6.11,36.326,26.552,5.8,1814.5,2.4
2,1,Iridaceae,hela,1,0.000,6.11,36.326,26.552,5.8,1814.5,2.4
2,1,Poaceae,pimo,1,0.549,6.11,36.326,26.552,5.8,1814.5,2.4
2,1,Cyperaceae,rhme,1,2.782,6.11,36.326,26.552,5.8,1814.5,2.4
2,2,Cyperaceae,caph,1,4.026,6.03,29.631,37.988,5.22,2078,1.6
2,2,Asteraceae,chsa,1,0.366,6.03,29.631,37.988,5.22,2078,1.6
2,2,Convolvulaceae,evse,1,17.788,6.03,29.631,37.988,5.22,2078,1.6
2,2,Iridaceae,hela,1,1.098,6.03,29.631,37.988,5.22,2078,1.6
2,2,Poaceae,pimo,1,5.051,6.03,29.631,37.988,5.22,2078,1.6
2,2,Poaceae,pist,1,0.769,6.03,29.631,37.988,5.22,2078,1.6
2,2,Cyperaceae,rhme,1,3.148,6.03,29.631,37.988,5.22,2078,1.6
2,3,Cyperaceae,caph,1,1.244,6.34,37.979,29.208,6.43,2207.6,3.5
2,3,Asteraceae,chsa,1,0.000,6.34,37.979,29.208,6.43,2207.6,3.5
2,3,Convolvulaceae,evse,1,4.319,6.34,37.979,29.208,6.43,2207.6,3.5
2,3,Poaceae,pimo,1,0.000,6.34,37.979,29.208,6.43,2207.6,3.5
2,3,Cyperaceae,rhme,1,10.102,6.34,37.979,29.208,6.43,2207.6,3.5
2,4,Cyperaceae,caph,1,5.454,5.27,21.056,27.196,3.76,2285.7,1.1
2,4,Asteraceae,chsa,1,4.685,5.27,21.056,27.196,3.76,2285.7,1.1
2,4,Convolvulaceae,dise,1,11.602,5.27,21.056,27.196,3.76,2285.7,1.1
2,4,Convolvulaceae,evse,1,16.690,5.27,21.056,27.196,3.76,2285.7,1.1
2,4,Cyperaceae,kyva,1,118.294,5.27,21.056,27.196,3.76,2285.7,1.1
2,4,Poaceae,pimo,1,2.452,5.27,21.056,27.196,3.76,2285.7,1.1
2,4,Cyperaceae,rhme,1,5.307,5.27,21.056,27.196,3.76,2285.7,1.1
3,1,Cyperaceae,caph,1,7.140,5.53,38.214,50.472,5.61,2866.7,5
3,1,Poaceae,erne,1,6.812,5.53,38.214,50.472,5.61,2866.7,5
3,1,Fabaceae,gama,1,9.664,5.53,38.214,50.472,5.61,2866.7,5
3,1,Poaceae,pimo,1,7.671,5.53,38.214,50.472,5.61,2866.7,5
3,1,Poaceae,pist,1,7.203,5.53,38.214,50.472,5.61,2866.7,5
3,1,Cyperaceae,rhme,1,8.056,5.53,38.214,50.472,5.61,2866.7,5
3,2,Cyperaceae,caph,1,9.450,5.46,43.689,45.877,4.36,2137.4,2
3,2,Asteraceae,chsa,1,6.338,5.46,43.689,45.877,4.36,2137.4,2
3,2,Convolvulaceae,dise,1,12.232,5.46,43.689,45.877,4.36,2137.4,2
3,2,Fabaceae,gama,1,6.194,5.46,43.689,45.877,4.36,2137.4,2
3,2,Poaceae,pimo,1,5.561,5.46,43.689,45.877,4.36,2137.4,2
3,2,Poaceae,pist,1,6.039,5.46,43.689,45.877,4.36,2137.4,2
3,2,Cyperaceae,rhme,1,3.469,5.46,43.689,45.877,4.36,2137.4,2
3,3,Cyperaceae,caph,1,7.567,5.36,47.476,41.593,5.48,3344.4,3
3,3,Fabaceae,gama,1,8.852,5.36,47.476,41.593,5.48,3344.4,3
3,3,Poaceae,pimo,1,7.694,5.36,47.476,41.593,5.48,3344.4,3
3,3,Poaceae,pist,1,8.424,5.36,47.476,41.593,5.48,3344.4,3
3,3,Cyperaceae,rhme,1,7.321,5.36,47.476,41.593,5.48,3344.4,3
3,4,Cyperaceae,caph,1,8.237,5.58,27.250,51.438,5.22,2254.3,2
3,4,Asteraceae,chsa,1,8.953,5.58,27.250,51.438,5.22,2254.3,2
3,4,Convolvulaceae,dise,1,11.750,5.58,27.250,51.438,5.22,2254.3,2
3,4,Fabaceae,gama,1,14.379,5.58,27.250,51.438,5.22,2254.3,2
3,4,Poaceae,pimo,1,8.243,5.58,27.250,51.438,5.22,2254.3,2
3,4,Poaceae,pist,1,9.238,5.58,27.250,51.438,5.22,2254.3,2
3,4,Cyperaceae,rhme,1,6.873,5.58,27.250,51.438,5.22,2254.3,2
4,1,Cyperaceae,caph,1,1.684,5.43,5.279,11.009,3.38,817.8,4.3
4,1,Asteraceae,chsa,1,5.124,5.43,5.279,11.009,3.38,817.8,4.3
4,1,Cyperaceae,cyp2,1,3.367,5.43,5.279,11.009,3.38,817.8,4.3
4,1,Convolvulaceae,dise,1,15.189,5.43,5.279,11.009,3.38,817.8,4.3
4,1,Cyperaceae,kyva,1,5.234,5.43,5.279,11.009,3.38,817.8,4.3
4,1,Oxalidaceae,oxer,1,0.037,5.43,5.279,11.009,3.38,817.8,4.3
4,1,Poaceae,pimo,1,5.051,5.43,5.279,11.009,3.38,817.8,4.3
4,2,Cyperaceae,caph,1,3.257,5.7,12.694,12.544,3.66,1358.2,4.3
4,2,Asteraceae,chsa,1,2.855,5.7,12.694,12.544,3.66,1358.2,4.3
4,2,Cyperaceae,cyp2,1,4.246,5.7,12.694,12.544,3.66,1358.2,4.3
4,2,Cyperaceae,cyp3,1,2.489,5.7,12.694,12.544,3.66,1358.2,4.3
4,2,Convolvulaceae,dise,1,4.026,5.7,12.694,12.544,3.66,1358.2,4.3
4,2,Asteraceae,gasp,1,4.172,5.7,12.694,12.544,3.66,1358.2,4.3
4,2,Oxalidaceae,oxer,1,0.000,5.7,12.694,12.544,3.66,1358.2,4.3
4,2,Poaceae,pimo,1,2.855,5.7,12.694,12.544,3.66,1358.2,4.3
4,3,Cyperaceae,caph,1,18.593,5.27,5.233,6.048,2.65,870.9,2.4
4,3,Asteraceae,chsa,1,2.123,5.27,5.233,6.048,2.65,870.9,2.4
4,3,Cyperaceae,cyp3,1,3.660,5.27,5.233,6.048,2.65,870.9,2.4
4,3,Convolvulaceae,dise,1,14.860,5.27,5.233,6.048,2.65,870.9,2.4
4,3,Poaceae,euba,1,0.915,5.27,5.233,6.048,2.65,870.9,2.4
4,3,Cyperaceae,kyva,1,1.281,5.27,5.233,6.048,2.65,870.9,2.4
4,3,Oxalidaceae,oxer,1,41.432,5.27,5.233,6.048,2.65,870.9,2.4
4,3,Poaceae,pimo,1,4.392,5.27,5.233,6.048,2.65,870.9,2.4
4,4,Convolvulaceae,dise,1,7.393,5.71,8.016,8.165,1.6,858.3,3.2
4,4,Cyperaceae,kyva,1,0.476,5.71,8.016,8.165,1.6,858.3,3.2
4,4,Poaceae,pimo,1,0.659,5.71,8.016,8.165,1.6,858.3,3.2
5,1,Cyperaceae,caph,1,3.733,5.28,6.360,6.329,3.57,938,7.3
5,1,Cyperaceae,cyp6,1,1.830,5.28,6.360,6.329,3.57,938,7.3
5,1,Convolvulaceae,dise,1,16.104,5.28,6.360,6.329,3.57,938,7.3
5,1,Cyperaceae,kyod,1,14.970,5.28,6.360,6.329,3.57,938,7.3
5,1,Cyperaceae,kypu,1,9.333,5.28,6.360,6.329,3.57,938,7.3
5,1,Poaceae,pimo,1,14.421,5.28,6.360,6.329,3.57,938,7.3
5,2,Cyperaceae,cabo,1,0.000,5.09,7.533,9.342,3.31,1107.9,7
5,2,Cyperaceae,caph,1,2.233,5.09,7.533,9.342,3.31,1107.9,7
5,2,Asteraceae,chsa,1,0.000,5.09,7.533,9.342,3.31,1107.9,7
5,2,Cyperaceae,cyp6,1,0.000,5.09,7.533,9.342,3.31,1107.9,7
5,2,Cyperaceae,fiau,1,3.697,5.09,7.533,9.342,3.31,1107.9,7
5,2,Cyperaceae,kyod,1,2.599,5.09,7.533,9.342,3.31,1107.9,7
5,2,Cyperaceae,kypu,1,6.515,5.09,7.533,9.342,3.31,1107.9,7
5,2,Oxalidaceae,oxer,1,0.000,5.09,7.533,9.342,3.31,1107.9,7
5,3,Cyperaceae,caph,1,5.820,5.21,5.333,4.482,3.22,1013.9,4.1
5,3,Cyperaceae,cyp6,1,7.503,5.21,5.333,4.482,3.22,1013.9,4.1
5,3,Cyperaceae,kyod,1,36.381,5.21,5.333,4.482,3.22,1013.9,4.1
5,3,Cyperaceae,kypu,1,52.779,5.21,5.333,4.482,3.22,1013.9,4.1
5,3,Oxalidaceae,oxpe,1,11.493,5.21,5.333,4.482,3.22,1013.9,4.1
6,1,Cyperaceae,caso,1,0.988,6.01,33.393,45.902,7.14,3082.2,8.8
6,2,Cyperaceae,caph,1,0.805,5.5,24.351,35.795,4.56,2550.5,10.5
6,2,Poaceae,pist,1,2.855,5.5,24.351,35.795,4.56,2550.5,10.5
6,3,Cyperaceae,caph,1,1.903,5.69,26.148,49.340,4.43,3100,4.9
6,4,Cyperaceae,caph,1,0.805,5.43,22.986,29.794,4.56,2228.9,11.3
6,4,Cyperaceae,rhme,1,7.613,5.43,22.986,29.794,4.56,2228.9,11.3
7,1,Cyperaceae,caph,1,4.905,5.61,21.656,30.631,5.22,2227.9,12.3
7,1,Asteraceae,chsa,1,0.439,5.61,21.656,30.631,5.22,2227.9,12.3
7,1,Cyperaceae,cyp1,1,0.000,5.61,21.656,30.631,5.22,2227.9,12.3
7,1,Convolvulaceae,dise,1,17.934,5.61,21.656,30.631,5.22,2227.9,12.3
7,1,Oxalidaceae,oxpe,1,14.128,5.61,21.656,30.631,5.22,2227.9,12.3
7,1,Poaceae,pist,1,0.000,5.61,21.656,30.631,5.22,2227.9,12.3
7,2,Cyperaceae,caph,1,2.489,5.8,39.575,17.245,7.03,3269.4,9.9
7,2,Asteraceae,chsa,1,0.110,5.8,39.575,17.245,7.03,3269.4,9.9
7,2,Oxalidaceae,oxer,1,0.000,5.8,39.575,17.245,7.03,3269.4,9.9
7,2,Poaceae,pist,1,4.941,5.8,39.575,17.245,7.03,3269.4,9.9
7,3,Cyperaceae,caph,1,1.025,5.65,23.146,25.795,5.45,2151.1,7.7
7,3,Cyperaceae,caso,1,0.000,5.65,23.146,25.795,5.45,2151.1,7.7
7,3,Cyperaceae,cyp1,1,0.000,5.65,23.146,25.795,5.45,2151.1,7.7
7,3,Convolvulaceae,dise,1,10.395,5.65,23.146,25.795,5.45,2151.1,7.7
7,3,Fabaceae,gama,1,0.586,5.65,23.146,25.795,5.45,2151.1,7.7
7,3,Poaceae,pist,1,3.806,5.65,23.146,25.795,5.45,2151.1,7.7
7,3,Cyperaceae,rhme,1,0.183,5.65,23.146,25.795,5.45,2151.1,7.7
1,1,Poaceae,chsu,2,15.183,4.82,55.992,32.175,7.45,3620.1,2
1,1,Fabaceae,dein,2,5.805,4.82,55.992,32.175,7.45,3620.1,2
1,1,Poaceae,namu,2,6.509,4.82,55.992,32.175,7.45,3620.1,2
1,1,Poaceae,pibi,2,6.342,4.82,55.992,32.175,7.45,3620.1,2
1,1,Rubiaceae,rihu,2,8.329,4.82,55.992,32.175,7.45,3620.1,2
1,1,Rubiaceae,rist,2,9.287,4.82,55.992,32.175,7.45,3620.1,2
1,1,Poaceae,sepa,2,6.456,4.82,55.992,32.175,7.45,3620.1,2
1,1,Poaceae,seva,2,8.296,4.82,55.992,32.175,7.45,3620.1,2
1,1,Poaceae,sthi,2,9.137,4.82,55.992,32.175,7.45,3620.1,2
1,2,Asteraceae,chpi,2,8.782,4.66,52.027,36.940,6.63,3591.3,2
1,2,Poaceae,chsu,2,16.003,4.66,52.027,36.940,6.63,3591.3,2
1,2,Fabaceae,dein,2,0.000,4.66,52.027,36.940,6.63,3591.3,2
1,2,Poaceae,namu,2,16.779,4.66,52.027,36.940,6.63,3591.3,2
1,2,Poaceae,pibi,2,8.235,4.66,52.027,36.940,6.63,3591.3,2
1,2,Rubiaceae,rihu,2,10.372,4.66,52.027,36.940,6.63,3591.3,2
1,2,Rubiaceae,rist,2,11.139,4.66,52.027,36.940,6.63,3591.3,2
1,2,Poaceae,sepa,2,27.170,4.66,52.027,36.940,6.63,3591.3,2
1,2,Poaceae,seva,2,12.822,4.66,52.027,36.940,6.63,3591.3,2
1,2,Poaceae,sthi,2,11.888,4.66,52.027,36.940,6.63,3591.3,2
1,3,Asteraceae,chpi,2,10.262,4.72,55.107,32.387,8.79,3743.5,4
1,3,Lythraceae,cugl,2,7.020,4.72,55.107,32.387,8.79,3743.5,4
1,3,Fabaceae,dein,2,0.000,4.72,55.107,32.387,8.79,3743.5,4
1,3,Poaceae,namu,2,9.194,4.72,55.107,32.387,8.79,3743.5,4
1,3,Rubiaceae,rihu,2,9.474,4.72,55.107,32.387,8.79,3743.5,4
1,3,Rubiaceae,rist,2,8.416,4.72,55.107,32.387,8.79,3743.5,4
1,3,Poaceae,seva,2,12.387,4.72,55.107,32.387,8.79,3743.5,4
1,3,Poaceae,sthi,2,9.886,4.72,55.107,32.387,8.79,3743.5,4
1,4,Asteraceae,chpi,2,11.371,5.17,32.346,26.259,4.84,2230.6,0.5
1,4,Poaceae,chsu,2,11.801,5.17,32.346,26.259,4.84,2230.6,0.5
1,4,Fabaceae,dein,2,6.727,5.17,32.346,26.259,4.84,2230.6,0.5
1,4,Poaceae,namu,2,8.325,5.17,32.346,26.259,4.84,2230.6,0.5
1,4,Poaceae,pibi,2,7.881,5.17,32.346,26.259,4.84,2230.6,0.5
1,4,Poaceae,seva,2,8.141,5.17,32.346,26.259,4.84,2230.6,0.5
1,4,Poaceae,sthi,2,8.821,5.17,32.346,26.259,4.84,2230.6,0.5
2,1,Poaceae,bola,2,2.635,6.11,36.326,26.552,5.8,1814.5,2.4
2,1,Poaceae,cyda,2,2.818,6.11,36.326,26.552,5.8,1814.5,2.4
2,1,Poaceae,darh,2,4.978,6.11,36.326,26.552,5.8,1814.5,2.4
2,1,Poaceae,disa,2,13.359,6.11,36.326,26.552,5.8,1814.5,2.4
2,1,Poaceae,nach,2,0.549,6.11,36.326,26.552,5.8,1814.5,2.4
2,1,Rubiaceae,rihu,2,0.695,6.11,36.326,26.552,5.8,1814.5,2.4
2,1,Rubiaceae,rist,2,1.025,6.11,36.326,26.552,5.8,1814.5,2.4
2,1,Poaceae,sthi,2,7.357,6.11,36.326,26.552,5.8,1814.5,2.4
2,2,Poaceae,armu,2,0.878,6.03,29.631,37.988,5.22,2078,1.6
2,2,Poaceae,bola,2,0.732,6.03,29.631,37.988,5.22,2078,1.6
2,2,Poaceae,cyda,2,4.941,6.03,29.631,37.988,5.22,2078,1.6
2,2,Poaceae,darh,2,5.783,6.03,29.631,37.988,5.22,2078,1.6
2,2,Poaceae,nach,2,0.000,6.03,29.631,37.988,5.22,2078,1.6
2,2,Rubiaceae,rihu,2,2.599,6.03,29.631,37.988,5.22,2078,1.6
2,2,Rubiaceae,rist,2,4.758,6.03,29.631,37.988,5.22,2078,1.6
2,2,Poaceae,sthi,2,10.468,6.03,29.631,37.988,5.22,2078,1.6
2,3,Poaceae,bola,2,0.000,6.34,37.979,29.208,6.43,2207.6,3.5
2,3,Poaceae,cyda,2,6.039,6.34,37.979,29.208,6.43,2207.6,3.5
2,3,Poaceae,darh,2,0.000,6.34,37.979,29.208,6.43,2207.6,3.5
2,3,Poaceae,nach,2,0.000,6.34,37.979,29.208,6.43,2207.6,3.5
2,3,Poaceae,nane,2,0.000,6.34,37.979,29.208,6.43,2207.6,3.5
2,3,Poaceae,pibi,2,0.000,6.34,37.979,29.208,6.43,2207.6,3.5
2,3,Rubiaceae,rihu,2,1.135,6.34,37.979,29.208,6.43,2207.6,3.5
2,3,Rubiaceae,rist,2,0.549,6.34,37.979,29.208,6.43,2207.6,3.5
2,3,Poaceae,sthi,2,10.138,6.34,37.979,29.208,6.43,2207.6,3.5
2,4,Poaceae,bola,2,3.440,5.27,21.056,27.196,3.76,2285.7,1.1
2,4,Poaceae,cyda,2,5.673,5.27,21.056,27.196,3.76,2285.7,1.1
2,4,Poaceae,nach,2,0.146,5.27,21.056,27.196,3.76,2285.7,1.1
2,4,Poaceae,pibi,2,1.025,5.27,21.056,27.196,3.76,2285.7,1.1
2,4,Rubiaceae,rihu,2,8.565,5.27,21.056,27.196,3.76,2285.7,1.1
2,4,Rubiaceae,rist,2,4.465,5.27,21.056,27.196,3.76,2285.7,1.1
2,4,Poaceae,sthi,2,6.808,5.27,21.056,27.196,3.76,2285.7,1.1
3,1,Poaceae,cyda,2,8.133,5.53,38.214,50.472,5.61,2866.7,5
3,1,Apiaceae,erec,2,6.133,5.53,38.214,50.472,5.61,2866.7,5
3,1,Poaceae,nane,2,7.024,5.53,38.214,50.472,5.61,2866.7,5
3,1,Rubiaceae,rihu,2,8.032,5.53,38.214,50.472,5.61,2866.7,5
3,1,Iridaceae,sipl,2,6.228,5.53,38.214,50.472,5.61,2866.7,5
3,1,Poaceae,sthi,2,8.141,5.53,38.214,50.472,5.61,2866.7,5
3,2,Apiaceae,erec,2,8.172,5.46,43.689,45.877,4.36,2137.4,2
3,2,Poaceae,nane,2,5.561,5.46,43.689,45.877,4.36,2137.4,2
3,2,Rubiaceae,rihu,2,6.006,5.46,43.689,45.877,4.36,2137.4,2
3,2,Rubiaceae,rist,2,8.605,5.46,43.689,45.877,4.36,2137.4,2
3,2,Poaceae,sthi,2,9.686,5.46,43.689,45.877,4.36,2137.4,2
3,3,Poaceae,nane,2,6.939,5.36,47.476,41.593,5.48,3344.4,3
3,3,Rubiaceae,rihu,2,7.618,5.36,47.476,41.593,5.48,3344.4,3
3,3,Rubiaceae,rist,2,8.565,5.36,47.476,41.593,5.48,3344.4,3
3,3,Poaceae,sthi,2,8.567,5.36,47.476,41.593,5.48,3344.4,3
3,4,Poaceae,cyda,2,8.496,5.58,27.250,51.438,5.22,2254.3,2
3,4,Apiaceae,erec,2,7.260,5.58,27.250,51.438,5.22,2254.3,2
3,4,Poaceae,nane,2,6.961,5.58,27.250,51.438,5.22,2254.3,2
3,4,Rubiaceae,rihu,2,8.398,5.58,27.250,51.438,5.22,2254.3,2
3,4,Rubiaceae,rist,2,9.721,5.58,27.250,51.438,5.22,2254.3,2
3,4,Iridaceae,sipl,2,6.000,5.58,27.250,51.438,5.22,2254.3,2
3,4,Poaceae,sthi,2,9.426,5.58,27.250,51.438,5.22,2254.3,2
4,1,Poaceae,arec,2,5.746,5.43,5.279,11.009,3.38,817.8,4.3
4,1,Poaceae,chsu,2,7.759,5.43,5.279,11.009,3.38,817.8,4.3
4,1,Rubiaceae,rihu,2,1.354,5.43,5.279,11.009,3.38,817.8,4.3
4,1,Rubiaceae,rist,2,8.967,5.43,5.279,11.009,3.38,817.8,4.3
4,1,Asteraceae,sema,2,12.371,5.43,5.279,11.009,3.38,817.8,4.3
4,1,Fabaceae,stmo,2,6.478,5.43,5.279,11.009,3.38,817.8,4.3
4,2,Poaceae,arec,2,2.965,5.7,12.694,12.544,3.66,1358.2,4.3
4,2,Poaceae,arve,2,0.256,5.7,12.694,12.544,3.66,1358.2,4.3
4,2,Poaceae,chsu,2,3.331,5.7,12.694,12.544,3.66,1358.2,4.3
4,2,Cistaceae,crbr,2,0.000,5.7,12.694,12.544,3.66,1358.2,4.3
4,2,Fabaceae,dein,2,6.112,5.7,12.694,12.544,3.66,1358.2,4.3
4,2,Rubiaceae,rihu,2,3.733,5.7,12.694,12.544,3.66,1358.2,4.3
4,2,Rubiaceae,rist,2,4.099,5.7,12.694,12.544,3.66,1358.2,4.3
4,2,Fabaceae,stmo,2,2.965,5.7,12.694,12.544,3.66,1358.2,4.3
4,3,Poaceae,arec,2,8.418,5.27,5.233,6.048,2.65,870.9,2.4
4,3,Poaceae,arve,2,6.295,5.27,5.233,6.048,2.65,870.9,2.4
4,3,Poaceae,chsu,2,13.213,5.27,5.233,6.048,2.65,870.9,2.4
4,3,Cistaceae,crbr,2,0.000,5.27,5.233,6.048,2.65,870.9,2.4
4,3,Fabaceae,dein,2,25.840,5.27,5.233,6.048,2.65,870.9,2.4
4,3,Poaceae,erlu ,2,23.608,5.27,5.233,6.048,2.65,870.9,2.4
4,3,Rubiaceae,rihu,2,5.783,5.27,5.233,6.048,2.65,870.9,2.4
4,3,Rubiaceae,rist,2,5.637,5.27,5.233,6.048,2.65,870.9,2.4
4,3,Asteraceae,sema,2,8.125,5.27,5.233,6.048,2.65,870.9,2.4
4,3,Fabaceae,stmo,2,3.331,5.27,5.233,6.048,2.65,870.9,2.4
4,4,Fabaceae,dein,2,12.298,5.71,8.016,8.165,1.6,858.3,3.2
4,4,Poaceae,erlu ,2,11.968,5.71,8.016,8.165,1.6,858.3,3.2
4,4,Rubiaceae,rihu,2,7.174,5.71,8.016,8.165,1.6,858.3,3.2
4,4,Rubiaceae,rist,2,2.086,5.71,8.016,8.165,1.6,858.3,3.2
4,4,Asteraceae,sema,2,2.672,5.71,8.016,8.165,1.6,858.3,3.2
5,1,Asteraceae,chpi,2,6.149,5.28,6.360,6.329,3.57,938,7.3
5,1,Commelinaceae,coer,2,0.000,5.28,6.360,6.329,3.57,938,7.3
5,1,Poaceae,cyda,2,23.351,5.28,6.360,6.329,3.57,938,7.3
5,1,Poaceae,disa,2,47.325,5.28,6.360,6.329,3.57,938,7.3
5,1,Poaceae,erca,2,34.002,5.28,6.360,6.329,3.57,938,7.3
5,1,Rubiaceae,rihu,2,5.088,5.28,6.360,6.329,3.57,938,7.3
5,1,Poaceae,sthi,2,16.361,5.28,6.360,6.329,3.57,938,7.3
5,2,Asteraceae,chpi,2,1.061,5.09,7.533,9.342,3.31,1107.9,7
5,2,Commelinaceae,coer,2,0.000,5.09,7.533,9.342,3.31,1107.9,7
5,2,Poaceae,cyda,2,4.612,5.09,7.533,9.342,3.31,1107.9,7
5,2,Poaceae,erca,2,15.592,5.09,7.533,9.342,3.31,1107.9,7
5,2,Rubiaceae,rihu,2,1.976,5.09,7.533,9.342,3.31,1107.9,7
5,2,Poaceae,sthi,2,8.272,5.09,7.533,9.342,3.31,1107.9,7
5,3,Asteraceae,chpi,2,1.354,5.21,5.333,4.482,3.22,1013.9,4.1
5,3,Commelinaceae,coer,2,0.183,5.21,5.333,4.482,3.22,1013.9,4.1
5,3,Poaceae,erca,2,16.617,5.21,5.333,4.482,3.22,1013.9,4.1
5,3,Rubiaceae,rihu,2,9.443,5.21,5.333,4.482,3.22,1013.9,4.1
5,3,Poaceae,sthi,2,4.026,5.21,5.333,4.482,3.22,1013.9,4.1
6,1,Cyperaceae,cyag,2,35.430,6.01,33.393,45.902,7.14,3082.2,8.8
6,1,Poaceae,cyda,2,2.013,6.01,33.393,45.902,7.14,3082.2,8.8
6,1,Fabaceae,dein,2,2.818,6.01,33.393,45.902,7.14,3082.2,8.8
6,1,Poaceae,nane,2,1.867,6.01,33.393,45.902,7.14,3082.2,8.8
6,1,Poaceae,sepa,2,9.223,6.01,33.393,45.902,7.14,3082.2,8.8
6,1,Poaceae,seva,2,12.847,6.01,33.393,45.902,7.14,3082.2,8.8
6,1,Asteraceae,sirh,2,3.404,6.01,33.393,45.902,7.14,3082.2,8.8
6,1,Poaceae,sthi,2,18.154,6.01,33.393,45.902,7.14,3082.2,8.8
6,2,Fabaceae,dein,2,3.989,5.5,24.351,35.795,4.56,2550.5,10.5
6,2,Poaceae,nane,2,0.037,5.5,24.351,35.795,4.56,2550.5,10.5
6,2,Poaceae,pibi,2,0.000,5.5,24.351,35.795,4.56,2550.5,10.5
6,3,Poaceae,cyda,2,7.467,5.69,26.148,49.340,4.43,3100,4.9
6,3,Fabaceae,dein,2,9.955,5.69,26.148,49.340,4.43,3100,4.9
6,3,Poaceae,nane,2,2.233,5.69,26.148,49.340,4.43,3100,4.9
6,3,Poaceae,seva,2,13.250,5.69,26.148,49.340,4.43,3100,4.9
6,4,Fabaceae,dein,2,12.261,5.43,22.986,29.794,4.56,2228.9,11.3
6,4,Poaceae,nane,2,0.439,5.43,22.986,29.794,4.56,2228.9,11.3
6,4,Poaceae,pibi,2,0.000,5.43,22.986,29.794,4.56,2228.9,11.3
6,4,Poaceae,seva,2,0.220,5.43,22.986,29.794,4.56,2228.9,11.3
6,4,Poaceae,sthi,2,1.684,5.43,22.986,29.794,4.56,2228.9,11.3
7,1,Fabaceae,adbi,2,5.783,5.61,21.656,30.631,5.22,2227.9,12.3
7,1,Poaceae,arur,2,1.098,5.61,21.656,30.631,5.22,2227.9,12.3
7,1,Poaceae,bola,2,3.404,5.61,21.656,30.631,5.22,2227.9,12.3
7,1,Asteraceae,chex,2,4.136,5.61,21.656,30.631,5.22,2227.9,12.3
7,1,Cyperaceae,cyag,2,16.104,5.61,21.656,30.631,5.22,2227.9,12.3
7,1,Poaceae,cyda,2,3.587,5.61,21.656,30.631,5.22,2227.9,12.3
7,1,Poaceae,nach,2,0.000,5.61,21.656,30.631,5.22,2227.9,12.3
7,1,Poaceae,nane,2,0.000,5.61,21.656,30.631,5.22,2227.9,12.3
7,1,Rubiaceae,rihu,2,1.318,5.61,21.656,30.631,5.22,2227.9,12.3
7,1,Poaceae,sepa,2,0.769,5.61,21.656,30.631,5.22,2227.9,12.3
7,1,Poaceae,sthi,2,5.856,5.61,21.656,30.631,5.22,2227.9,12.3
7,1,Asteraceae,sysq,2,1.867,5.61,21.656,30.631,5.22,2227.9,12.3
7,2,Fabaceae,adbi,2,8.235,5.8,39.575,17.245,7.03,3269.4,9.9
7,2,Poaceae,agmo,2,3.953,5.8,39.575,17.245,7.03,3269.4,9.9
7,2,Poaceae,bola,2,2.891,5.8,39.575,17.245,7.03,3269.4,9.9
7,2,Asteraceae,chex,2,5.746,5.8,39.575,17.245,7.03,3269.4,9.9
7,2,Asteraceae,chpi,2,0.146,5.8,39.575,17.245,7.03,3269.4,9.9
7,2,Cyperaceae,cyag,2,19.179,5.8,39.575,17.245,7.03,3269.4,9.9
7,2,Poaceae,cyda,2,6.625,5.8,39.575,17.245,7.03,3269.4,9.9
7,2,Poaceae,nach,2,2.489,5.8,39.575,17.245,7.03,3269.4,9.9
7,2,Poaceae,nane,2,0.000,5.8,39.575,17.245,7.03,3269.4,9.9
7,2,Poaceae,pibi,2,4.575,5.8,39.575,17.245,7.03,3269.4,9.9
7,2,Rubiaceae,rihu,2,6.332,5.8,39.575,17.245,7.03,3269.4,9.9
7,2,Poaceae,sepa,2,7.210,5.8,39.575,17.245,7.03,3269.4,9.9
7,2,Poaceae,sthi,2,4.172,5.8,39.575,17.245,7.03,3269.4,9.9
7,3,Fabaceae,adbi,2,3.331,5.65,23.146,25.795,5.45,2151.1,7.7
7,3,Poaceae,agmo,2,0.586,5.65,23.146,25.795,5.45,2151.1,7.7
7,3,Poaceae,bola,2,0.366,5.65,23.146,25.795,5.45,2151.1,7.7
7,3,Asteraceae,chex,2,0.842,5.65,23.146,25.795,5.45,2151.1,7.7
7,3,Asteraceae,chpi,2,1.610,5.65,23.146,25.795,5.45,2151.1,7.7
7,3,Cyperaceae,cyag,2,7.833,5.65,23.146,25.795,5.45,2151.1,7.7
7,3,Poaceae,cyda,2,1.208,5.65,23.146,25.795,5.45,2151.1,7.7
7,3,Poaceae,nach,2,0.695,5.65,23.146,25.795,5.45,2151.1,7.7
7,3,Poaceae,nane,2,2.562,5.65,23.146,25.795,5.45,2151.1,7.7
7,3,Poaceae,pibi,2,5.637,5.65,23.146,25.795,5.45,2151.1,7.7
7,3,Rubiaceae,rihu,2,7.650,5.65,23.146,25.795,5.45,2151.1,7.7
7,3,Poaceae,sepa,2,8.199,5.65,23.146,25.795,5.45,2151.1,7.7
7,3,Poaceae,sthi,2,5.051,5.65,23.146,25.795,5.45,2151.1,7.7
7,3,Asteraceae,sysq,2,2.562,5.65,23.146,25.795,5.45,2151.1,7.7
1,1,Poaceae,axfi,3,10.759,4.82,55.992,32.175,7.45,3620.1,2
1,1,Asteraceae,baco,3,10.138,4.82,55.992,32.175,7.45,3620.1,2
1,1,Verbenaceae,glpe,3,6.631,4.82,55.992,32.175,7.45,3620.1,2
1,1,Juncaceae,juca,3,6.361,4.82,55.992,32.175,7.45,3620.1,2
1,1,Verbenaceae,lico,3,5.803,4.82,55.992,32.175,7.45,3620.1,2
1,1,Asteraceae,luac,3,10.307,4.82,55.992,32.175,7.45,3620.1,2
1,1,Poaceae,mnse,3,8.078,4.82,55.992,32.175,7.45,3620.1,2
1,1,Poaceae,pano,3,8.756,4.82,55.992,32.175,7.45,3620.1,2
1,1,Acanthaceae,rumo,3,6.878,4.82,55.992,32.175,7.45,3620.1,2
1,1,Fabaceae,trpo,3,8.766,4.82,55.992,32.175,7.45,3620.1,2
1,2,Poaceae,axfi,3,15.297,4.66,52.027,36.940,6.63,3591.3,2
1,2,Asteraceae,baco,3,30.290,4.66,52.027,36.940,6.63,3591.3,2
1,2,Apiaceae,ernu,3,6.757,4.66,52.027,36.940,6.63,3591.3,2
1,2,Verbenaceae,glpe,3,9.533,4.66,52.027,36.940,6.63,3591.3,2
1,2,Juncaceae,juca,3,12.584,4.66,52.027,36.940,6.63,3591.3,2
1,2,Malvaceae,krfl,3,8.780,4.66,52.027,36.940,6.63,3591.3,2
1,2,Verbenaceae,lico,3,7.030,4.66,52.027,36.940,6.63,3591.3,2
1,2,Poaceae,mnse,3,10.854,4.66,52.027,36.940,6.63,3591.3,2
1,2,Poaceae,pano,3,11.351,4.66,52.027,36.940,6.63,3591.3,2
1,2,Plantaginaceae,plpe,3,15.490,4.66,52.027,36.940,6.63,3591.3,2
1,2,Acanthaceae,rumo,3,21.822,4.66,52.027,36.940,6.63,3591.3,2
1,2,Fabaceae,trpo,3,16.569,4.66,52.027,36.940,6.63,3591.3,2
1,3,Poaceae,axfi,3,12.605,4.72,55.107,32.387,8.79,3743.5,4
1,3,Asteraceae,baco,3,10.142,4.72,55.107,32.387,8.79,3743.5,4
1,3,Apiaceae,ernu,3,7.221,4.72,55.107,32.387,8.79,3743.5,4
1,3,Verbenaceae,glpe,3,9.894,4.72,55.107,32.387,8.79,3743.5,4
1,3,Juncaceae,juca,3,8.255,4.72,55.107,32.387,8.79,3743.5,4
1,3,Malvaceae,krfl,3,8.003,4.72,55.107,32.387,8.79,3743.5,4
1,3,Poaceae,mnse,3,4.317,4.72,55.107,32.387,8.79,3743.5,4
1,3,Poaceae,pano,3,8.184,4.72,55.107,32.387,8.79,3743.5,4
1,3,Plantaginaceae,plpe,3,11.031,4.72,55.107,32.387,8.79,3743.5,4
1,3,Acanthaceae,rumo,3,10.344,4.72,55.107,32.387,8.79,3743.5,4
1,3,Fabaceae,trpo,3,21.002,4.72,55.107,32.387,8.79,3743.5,4
1,4,Poaceae,axfi,3,12.621,5.17,32.346,26.259,4.84,2230.6,0.5
1,4,Asteraceae,baco,3,8.237,5.17,32.346,26.259,4.84,2230.6,0.5
1,4,Apiaceae,ernu,3,6.143,5.17,32.346,26.259,4.84,2230.6,0.5
1,4,Juncaceae,juca,3,9.823,5.17,32.346,26.259,4.84,2230.6,0.5
1,4,Malvaceae,krfl,3,8.070,5.17,32.346,26.259,4.84,2230.6,0.5
1,4,Poaceae,mnse,3,9.297,5.17,32.346,26.259,4.84,2230.6,0.5
1,4,Poaceae,pano,3,10.388,5.17,32.346,26.259,4.84,2230.6,0.5
1,4,Acanthaceae,rumo,3,9.153,5.17,32.346,26.259,4.84,2230.6,0.5
1,4,Fabaceae,trpo,3,7.983,5.17,32.346,26.259,4.84,2230.6,0.5
2,1,Poaceae,anla,3,4.429,6.11,36.326,26.552,5.8,1814.5,2.4
2,1,Poaceae,ante,3,6.991,6.11,36.326,26.552,5.8,1814.5,2.4
2,1,Poaceae,axfi,3,7.064,6.11,36.326,26.552,5.8,1814.5,2.4
2,1,Apiaceae,erho,3,0.000,6.11,36.326,26.552,5.8,1814.5,2.4
2,1,Apiaceae,ernu,3,0.000,6.11,36.326,26.552,5.8,1814.5,2.4
2,1,Juncaceae,juca,3,5.856,6.11,36.326,26.552,5.8,1814.5,2.4
2,1,Juncaceae,jun1,3,5.820,6.11,36.326,26.552,5.8,1814.5,2.4
2,1,Juncaceae,jun2,3,3.440,6.11,36.326,26.552,5.8,1814.5,2.4
2,1,Juncaceae,jun3,3,13.323,6.11,36.326,26.552,5.8,1814.5,2.4
2,1,Poaceae,mnse,3,4.685,6.11,36.326,26.552,5.8,1814.5,2.4
2,1,Poaceae,pano,3,3.660,6.11,36.326,26.552,5.8,1814.5,2.4
2,1,Poaceae,papl,3,9.150,6.11,36.326,26.552,5.8,1814.5,2.4
2,1,Poaceae,spin,3,0.439,6.11,36.326,26.552,5.8,1814.5,2.4
2,2,Poaceae,axfi,3,22.070,6.03,29.631,37.988,5.22,2078,1.6
2,2,Asteraceae,baco,3,13.067,6.03,29.631,37.988,5.22,2078,1.6
2,2,Apiaceae,erho,3,0.988,6.03,29.631,37.988,5.22,2078,1.6
2,2,Asteraceae,hyp5,3,1.098,6.03,29.631,37.988,5.22,2078,1.6
2,2,Juncaceae,juca,3,7.137,6.03,29.631,37.988,5.22,2078,1.6
2,2,Poaceae,mnse,3,9.370,6.03,29.631,37.988,5.22,2078,1.6
2,2,Poaceae,pano,3,2.818,6.03,29.631,37.988,5.22,2078,1.6
2,2,Poaceae,papl,3,4.209,6.03,29.631,37.988,5.22,2078,1.6
2,3,Poaceae,axfi,3,8.199,6.34,37.979,29.208,6.43,2207.6,3.5
2,3,Asteraceae,baco,3,13.982,6.34,37.979,29.208,6.43,2207.6,3.5
2,3,Apiaceae,erho,3,0.000,6.34,37.979,29.208,6.43,2207.6,3.5
2,3,Asteraceae,hyp5,3,0.000,6.34,37.979,29.208,6.43,2207.6,3.5
2,3,Juncaceae,juca,3,1.244,6.34,37.979,29.208,6.43,2207.6,3.5
2,3,Poaceae,mnse,3,9.882,6.34,37.979,29.208,6.43,2207.6,3.5
2,3,Poaceae,pano,3,0.000,6.34,37.979,29.208,6.43,2207.6,3.5
2,4,Poaceae,axfi,3,11.017,5.27,21.056,27.196,3.76,2285.7,1.1
2,4,Asteraceae,baco,3,17.532,5.27,21.056,27.196,3.76,2285.7,1.1
2,4,Apiaceae,erho,3,0.000,5.27,21.056,27.196,3.76,2285.7,1.1
2,4,Apiaceae,ernu,3,0.000,5.27,21.056,27.196,3.76,2285.7,1.1
2,4,Asteraceae,hyp5,3,5.783,5.27,21.056,27.196,3.76,2285.7,1.1
2,4,Juncaceae,juca,3,7.101,5.27,21.056,27.196,3.76,2285.7,1.1
2,4,Poaceae,mnse,3,16.104,5.27,21.056,27.196,3.76,2285.7,1.1
2,4,Poaceae,padi,3,2.672,5.27,21.056,27.196,3.76,2285.7,1.1
2,4,Poaceae,pano,3,1.757,5.27,21.056,27.196,3.76,2285.7,1.1
2,4,Poaceae,papl,3,4.612,5.27,21.056,27.196,3.76,2285.7,1.1
2,4,Poaceae,spin,3,2.452,5.27,21.056,27.196,3.76,2285.7,1.1
3,1,Poaceae,ante,3,6.694,5.53,38.214,50.472,5.61,2866.7,5
3,1,Poaceae,axfi,3,6.853,5.53,38.214,50.472,5.61,2866.7,5
3,1,Asteraceae,bage,3,7.394,5.53,38.214,50.472,5.61,2866.7,5
3,1,Apiaceae,erho,3,6.015,5.53,38.214,50.472,5.61,2866.7,5
3,1,Apiaceae,ernu,3,6.340,5.53,38.214,50.472,5.61,2866.7,5
3,1,Juncaceae,jumi,3,8.998,5.53,38.214,50.472,5.61,2866.7,5
3,1,Poaceae,mnse,3,5.852,5.53,38.214,50.472,5.61,2866.7,5
3,1,Poaceae,padi,3,6.644,5.53,38.214,50.472,5.61,2866.7,5
3,1,Poaceae,pano,3,6.556,5.53,38.214,50.472,5.61,2866.7,5
3,1,Poaceae,papl,3,7.171,5.53,38.214,50.472,5.61,2866.7,5
3,1,Amaranthaceae,pftu,3,19.146,5.53,38.214,50.472,5.61,2866.7,5
3,2,Poaceae,ante,3,5.681,5.46,43.689,45.877,4.36,2137.4,2
3,2,Poaceae,axfi,3,10.193,5.46,43.689,45.877,4.36,2137.4,2
3,2,Asteraceae,bage,3,5.982,5.46,43.689,45.877,4.36,2137.4,2
3,2,Apiaceae,ernu,3,5.561,5.46,43.689,45.877,4.36,2137.4,2
3,2,Juncaceae,jumi,3,7.370,5.46,43.689,45.877,4.36,2137.4,2
3,2,Poaceae,mnse,3,4.124,5.46,43.689,45.877,4.36,2137.4,2
3,2,Poaceae,padi,3,5.675,5.46,43.689,45.877,4.36,2137.4,2
3,2,Poaceae,pano,3,6.236,5.46,43.689,45.877,4.36,2137.4,2
3,2,Poaceae,papl,3,7.567,5.46,43.689,45.877,4.36,2137.4,2
3,2,Amaranthaceae,pftu,3,6.949,5.46,43.689,45.877,4.36,2137.4,2
3,3,Poaceae,ante,3,6.424,5.36,47.476,41.593,5.48,3344.4,3
3,3,Poaceae,axfi,3,8.852,5.36,47.476,41.593,5.48,3344.4,3
3,3,Asteraceae,bage,3,7.185,5.36,47.476,41.593,5.48,3344.4,3
3,3,Apiaceae,erho,3,6.778,5.36,47.476,41.593,5.48,3344.4,3
3,3,Apiaceae,ernu,3,6.812,5.36,47.476,41.593,5.48,3344.4,3
3,3,Poaceae,mnse,3,7.956,5.36,47.476,41.593,5.48,3344.4,3
3,3,Poaceae,padi,3,7.993,5.36,47.476,41.593,5.48,3344.4,3
3,3,Poaceae,pano,3,6.920,5.36,47.476,41.593,5.48,3344.4,3
3,3,Poaceae,papl,3,8.876,5.36,47.476,41.593,5.48,3344.4,3
3,3,Amaranthaceae,pftu,3,8.109,5.36,47.476,41.593,5.48,3344.4,3
3,4,Poaceae,ante,3,6.949,5.58,27.250,51.438,5.22,2254.3,2
3,4,Poaceae,axfi,3,9.839,5.58,27.250,51.438,5.22,2254.3,2
3,4,Asteraceae,bage,3,9.971,5.58,27.250,51.438,5.22,2254.3,2
3,4,Apiaceae,erho,3,5.823,5.58,27.250,51.438,5.22,2254.3,2
3,4,Apiaceae,ernu,3,6.397,5.58,27.250,51.438,5.22,2254.3,2
3,4,Juncaceae,jumi,3,9.010,5.58,27.250,51.438,5.22,2254.3,2
3,4,Poaceae,mnse,3,7.395,5.58,27.250,51.438,5.22,2254.3,2
3,4,Poaceae,padi,3,23.468,5.58,27.250,51.438,5.22,2254.3,2
3,4,Poaceae,pano,3,7.118,5.58,27.250,51.438,5.22,2254.3,2
3,4,Poaceae,papl,3,10.529,5.58,27.250,51.438,5.22,2254.3,2
3,4,Amaranthaceae,pftu,3,31.851,5.58,27.250,51.438,5.22,2254.3,2
4,1,Poaceae,anla,3,2.818,5.43,5.279,11.009,3.38,817.8,4.3
4,1,Poaceae,axar,3,10.980,5.43,5.279,11.009,3.38,817.8,4.3
4,1,Asteraceae,baco,3,33.087,5.43,5.279,11.009,3.38,817.8,4.3
4,1,Asteraceae,bape,3,25.072,5.43,5.279,11.009,3.38,817.8,4.3
4,1,Lamiaceae,hymu,3,5.088,5.43,5.279,11.009,3.38,817.8,4.3
4,1,Malvaceae,krfl,3,3.806,5.43,5.279,11.009,3.38,817.8,4.3
4,1,Poaceae,mnse,3,1.061,5.43,5.279,11.009,3.38,817.8,4.3
4,1,Onagraceae,oepa,3,0.183,5.43,5.279,11.009,3.38,817.8,4.3
4,1,Poaceae,pano,3,11.712,5.43,5.279,11.009,3.38,817.8,4.3
4,1,Poaceae,scsp,3,8.418,5.43,5.279,11.009,3.38,817.8,4.3
4,2,Poaceae,anla,3,0.952,5.7,12.694,12.544,3.66,1358.2,4.3
4,2,Poaceae,axar,3,2.233,5.7,12.694,12.544,3.66,1358.2,4.3
4,2,Asteraceae,baco,3,11.932,5.7,12.694,12.544,3.66,1358.2,4.3
4,2,Asteraceae,bape,3,8.491,5.7,12.694,12.544,3.66,1358.2,4.3
4,2,Amaranthaceae,gope,3,13.323,5.7,12.694,12.544,3.66,1358.2,4.3
4,2,Lamiaceae,hymu,3,7.576,5.7,12.694,12.544,3.66,1358.2,4.3
4,2,Malvaceae,krfl,3,0.000,5.7,12.694,12.544,3.66,1358.2,4.3
4,2,Onagraceae,oepa,3,0.000,5.7,12.694,12.544,3.66,1358.2,4.3
4,2,Poaceae,pano,3,1.793,5.7,12.694,12.544,3.66,1358.2,4.3
4,2,Poaceae,scsp,3,3.404,5.7,12.694,12.544,3.66,1358.2,4.3
4,2,Fabaceae,trpo,3,13.433,5.7,12.694,12.544,3.66,1358.2,4.3
4,3,Poaceae,anla,3,0.000,5.27,5.233,6.048,2.65,870.9,2.4
4,3,Poaceae,axar,3,5.271,5.27,5.233,6.048,2.65,870.9,2.4
4,3,Asteraceae,baco,3,32.355,5.27,5.233,6.048,2.65,870.9,2.4
4,3,Asteraceae,bape,3,0.000,5.27,5.233,6.048,2.65,870.9,2.4
4,3,Apiaceae,erho,3,0.256,5.27,5.233,6.048,2.65,870.9,2.4
4,3,Asteraceae,luni,3,21.558,5.27,5.233,6.048,2.65,870.9,2.4
4,3,Poaceae,pano,3,0.000,5.27,5.233,6.048,2.65,870.9,2.4
4,3,Poaceae,scsp,3,4.392,5.27,5.233,6.048,2.65,870.9,2.4
4,4,Poaceae,anla,3,0.000,5.71,8.016,8.165,1.6,858.3,3.2
4,4,Poaceae,axar,3,4.172,5.71,8.016,8.165,1.6,858.3,3.2
4,4,Apiaceae,erho,3,0.512,5.71,8.016,8.165,1.6,858.3,3.2
4,4,Onagraceae,oepa,3,0.000,5.71,8.016,8.165,1.6,858.3,3.2
4,4,Poaceae,pano,3,0.329,5.71,8.016,8.165,1.6,858.3,3.2
4,4,Poaceae,scsp,3,2.672,5.71,8.016,8.165,1.6,858.3,3.2
5,1,Poaceae,anla,3,6.735,5.28,6.360,6.329,3.57,938,7.3
5,1,Poaceae,axfi,3,8.052,5.28,6.360,6.329,3.57,938,7.3
5,1,Asteraceae,bage,3,8.345,5.28,6.360,6.329,3.57,938,7.3
5,1,Apiaceae,ernu,3,0.000,5.28,6.360,6.329,3.57,938,7.3
5,1,Hypoxidaceae,hyde,3,0.000,5.28,6.360,6.329,3.57,938,7.3
5,1,Asteraceae,hyp2,3,4.721,5.28,6.360,6.329,3.57,938,7.3
5,1,Juncaceae,juca,3,1.464,5.28,6.360,6.329,3.57,938,7.3
5,1,Poaceae,pano,3,3.587,5.28,6.360,6.329,3.57,938,7.3
5,1,Poaceae,papl,3,9.114,5.28,6.360,6.329,3.57,938,7.3
5,1,Fabaceae,trpo,3,1.391,5.28,6.360,6.329,3.57,938,7.3
5,2,Poaceae,axar,3,2.342,5.09,7.533,9.342,3.31,1107.9,7
5,2,Poaceae,axfi,3,4.136,5.09,7.533,9.342,3.31,1107.9,7
5,2,Asteraceae,bage,3,0.183,5.09,7.533,9.342,3.31,1107.9,7
5,2,Hypoxidaceae,hyde,3,0.000,5.09,7.533,9.342,3.31,1107.9,7
5,2,Asteraceae,hyp3,3,0.000,5.09,7.533,9.342,3.31,1107.9,7
5,2,Juncaceae,juca,3,0.183,5.09,7.533,9.342,3.31,1107.9,7
5,2,Poaceae,mnse,3,9.699,5.09,7.533,9.342,3.31,1107.9,7
5,2,Poaceae,pano,3,6.076,5.09,7.533,9.342,3.31,1107.9,7
5,2,Poaceae,papl,3,6.405,5.09,7.533,9.342,3.31,1107.9,7
5,2,Fabaceae,trpo,3,1.244,5.09,7.533,9.342,3.31,1107.9,7
5,3,Poaceae,anla,3,4.538,5.21,5.333,4.482,3.22,1013.9,4.1
5,3,Poaceae,axar,3,14.165,5.21,5.333,4.482,3.22,1013.9,4.1
5,3,Poaceae,axfi,3,11.273,5.21,5.333,4.482,3.22,1013.9,4.1
5,3,Asteraceae,bage,3,1.391,5.21,5.333,4.482,3.22,1013.9,4.1
5,3,Hypoxidaceae,hyde,3,0.000,5.21,5.333,4.482,3.22,1013.9,4.1
5,3,Juncaceae,juca,3,3.038,5.21,5.333,4.482,3.22,1013.9,4.1
5,3,Poaceae,mnse,3,10.870,5.21,5.333,4.482,3.22,1013.9,4.1
5,3,Poaceae,pano,3,2.416,5.21,5.333,4.482,3.22,1013.9,4.1
5,3,Poaceae,papl,3,4.502,5.21,5.333,4.482,3.22,1013.9,4.1
5,3,Fabaceae,trpo,3,1.098,5.21,5.333,4.482,3.22,1013.9,4.1
6,1,Poaceae,axfi,3,1.171,6.01,33.393,45.902,7.14,3082.2,8.8
6,1,Asteraceae,baco,3,6.222,6.01,33.393,45.902,7.14,3082.2,8.8
6,1,Asteraceae,bage,3,2.635,6.01,33.393,45.902,7.14,3082.2,8.8
6,1,Cyperaceae,cyer,3,3.257,6.01,33.393,45.902,7.14,3082.2,8.8
6,1,Apiaceae,erho,3,0.000,6.01,33.393,45.902,7.14,3082.2,8.8
6,1,Lythraceae,hesa,3,0.000,6.01,33.393,45.902,7.14,3082.2,8.8
6,1,Juncaceae,juca,3,8.345,6.01,33.393,45.902,7.14,3082.2,8.8
6,1,Juncaceae,jumi,3,1.757,6.01,33.393,45.902,7.14,3082.2,8.8
6,1,Poaceae,padi,3,1.281,6.01,33.393,45.902,7.14,3082.2,8.8
6,1,Poaceae,pano,3,1.574,6.01,33.393,45.902,7.14,3082.2,8.8
6,2,Poaceae,axfi,3,8.345,5.5,24.351,35.795,4.56,2550.5,10.5
6,2,Asteraceae,baco,3,7.869,5.5,24.351,35.795,4.56,2550.5,10.5
6,2,Asteraceae,bage,3,0.000,5.5,24.351,35.795,4.56,2550.5,10.5
6,2,Cyperaceae,cyer,3,12.115,5.5,24.351,35.795,4.56,2550.5,10.5
6,2,Apiaceae,erho,3,0.000,5.5,24.351,35.795,4.56,2550.5,10.5
6,2,Lythraceae,hesa,3,0.000,5.5,24.351,35.795,4.56,2550.5,10.5
6,2,Juncaceae,juca,3,1.208,5.5,24.351,35.795,4.56,2550.5,10.5
6,2,Juncaceae,jumi,3,1.610,5.5,24.351,35.795,4.56,2550.5,10.5
6,2,Poaceae,mnse,3,4.392,5.5,24.351,35.795,4.56,2550.5,10.5
6,2,Poaceae,padi,3,2.196,5.5,24.351,35.795,4.56,2550.5,10.5
6,2,Poaceae,pano,3,3.294,5.5,24.351,35.795,4.56,2550.5,10.5
6,2,Poaceae,papl,3,0.805,5.5,24.351,35.795,4.56,2550.5,10.5
6,2,Asteraceae,sirh,3,4.465,5.5,24.351,35.795,4.56,2550.5,10.5
6,3,Poaceae,axfi,3,6.003,5.69,26.148,49.340,4.43,3100,4.9
6,3,Asteraceae,baco,3,2.050,5.69,26.148,49.340,4.43,3100,4.9
6,3,Asteraceae,bage,3,0.000,5.69,26.148,49.340,4.43,3100,4.9
6,3,Cyperaceae,cyer,3,0.000,5.69,26.148,49.340,4.43,3100,4.9
6,3,Apiaceae,erho,3,0.000,5.69,26.148,49.340,4.43,3100,4.9
6,3,Lythraceae,hesa,3,0.000,5.69,26.148,49.340,4.43,3100,4.9
6,3,Juncaceae,juca,3,5.966,5.69,26.148,49.340,4.43,3100,4.9
6,3,Poaceae,mnse,3,2.818,5.69,26.148,49.340,4.43,3100,4.9
6,3,Poaceae,padi,3,0.000,5.69,26.148,49.340,4.43,3100,4.9
6,3,Poaceae,pano,3,0.952,5.69,26.148,49.340,4.43,3100,4.9
6,3,Poaceae,papl,3,6.698,5.69,26.148,49.340,4.43,3100,4.9
6,3,Asteraceae,sirh,3,6.149,5.69,26.148,49.340,4.43,3100,4.9
6,4,Poaceae,axfi,3,3.660,5.43,22.986,29.794,4.56,2228.9,11.3
6,4,Asteraceae,baco,3,8.455,5.43,22.986,29.794,4.56,2228.9,11.3
6,4,Asteraceae,bage,3,2.635,5.43,22.986,29.794,4.56,2228.9,11.3
6,4,Apiaceae,erho,3,0.000,5.43,22.986,29.794,4.56,2228.9,11.3
6,4,Juncaceae,juca,3,0.439,5.43,22.986,29.794,4.56,2228.9,11.3
6,4,Juncaceae,jumi,3,0.183,5.43,22.986,29.794,4.56,2228.9,11.3
6,4,Poaceae,mnse,3,6.735,5.43,22.986,29.794,4.56,2228.9,11.3
6,4,Poaceae,padi,3,3.331,5.43,22.986,29.794,4.56,2228.9,11.3
6,4,Poaceae,pano,3,2.306,5.43,22.986,29.794,4.56,2228.9,11.3
6,4,Poaceae,papl,3,5.710,5.43,22.986,29.794,4.56,2228.9,11.3
6,4,Asteraceae,sirh,3,4.136,5.43,22.986,29.794,4.56,2228.9,11.3
7,1,Poaceae,axfi,3,2.489,5.61,21.656,30.631,5.22,2227.9,12.3
7,1,Apiaceae,erho,3,0.000,5.61,21.656,30.631,5.22,2227.9,12.3
7,1,Juncaceae,juca,3,3.733,5.61,21.656,30.631,5.22,2227.9,12.3
7,1,Poaceae,mnse,3,2.928,5.61,21.656,30.631,5.22,2227.9,12.3
7,1,Poaceae,padi,3,0.000,5.61,21.656,30.631,5.22,2227.9,12.3
7,1,Poaceae,pano,3,0.000,5.61,21.656,30.631,5.22,2227.9,12.3
7,1,Poaceae,papl,3,3.953,5.61,21.656,30.631,5.22,2227.9,12.3
7,1,Poaceae,spin,3,1.867,5.61,21.656,30.631,5.22,2227.9,12.3
7,2,Poaceae,axfi,3,5.197,5.8,39.575,17.245,7.03,3269.4,9.9
7,2,Asteraceae,bage,3,3.331,5.8,39.575,17.245,7.03,3269.4,9.9
7,2,Apiaceae,erho,3,0.000,5.8,39.575,17.245,7.03,3269.4,9.9
7,2,Asteraceae,hyp1,3,1.793,5.8,39.575,17.245,7.03,3269.4,9.9
7,2,Juncaceae,juca,3,0.000,5.8,39.575,17.245,7.03,3269.4,9.9
7,2,Poaceae,mnse,3,0.586,5.8,39.575,17.245,7.03,3269.4,9.9
7,2,Poaceae,padi,3,2.599,5.8,39.575,17.245,7.03,3269.4,9.9
7,2,Poaceae,pano,3,0.000,5.8,39.575,17.245,7.03,3269.4,9.9
7,2,Poaceae,papl,3,2.379,5.8,39.575,17.245,7.03,3269.4,9.9
7,2,Fabaceae,trpo,3,0.549,5.8,39.575,17.245,7.03,3269.4,9.9
7,3,Poaceae,axar,3,2.379,5.65,23.146,25.795,5.45,2151.1,7.7
7,3,Poaceae,axfi,3,7.869,5.65,23.146,25.795,5.45,2151.1,7.7
7,3,Asteraceae,bage,3,3.880,5.65,23.146,25.795,5.45,2151.1,7.7
7,3,Apiaceae,erho,3,0.000,5.65,23.146,25.795,5.45,2151.1,7.7
7,3,Apiaceae,ernu,3,0.000,5.65,23.146,25.795,5.45,2151.1,7.7
7,3,Juncaceae,juca,3,1.537,5.65,23.146,25.795,5.45,2151.1,7.7
7,3,Poaceae,mnse,3,0.915,5.65,23.146,25.795,5.45,2151.1,7.7
7,3,Poaceae,padi,3,1.318,5.65,23.146,25.795,5.45,2151.1,7.7
7,3,Poaceae,pano,3,1.025,5.65,23.146,25.795,5.45,2151.1,7.7
7,3,Poaceae,papl,3,3.843,5.65,23.146,25.795,5.45,2151.1,7.7
7,3,Poaceae,spin,3,0.915,5.65,23.146,25.795,5.45,2151.1,7.7
7,3,Fabaceae,trpo,3,1.061,5.65,23.146,25.795,5.45,2151.1,7.7
1,2,Poaceae,meri,2,11.060,4.66,52.027,36.940,6.63,3591.3,2
1,4,Poaceae,meri,2,9.941,5.17,32.346,26.259,4.84,2230.6,0.5
